Workbook

Sheet RAW DATA DELPHI
A1: Expert | B1: QUESTIONNAIRE ON THE RELEVANCE AND INFLUENCE OF FACTORS AFFECTING CONSUMERS’ INTENTION TO PURCHASE LUXURY FASHION | C1: Evaluate | E1: Expert | F1: QUESTIONNAIRE ON THE RELEVANCE AND INFLUENCE OF FACTORS AFFECTING CONSUMERS’ INTENTION TO PURCHASE LUXURY FASHION | G1: Evaluate
A2: 1 | B2: Intergrity | C2: VI;VH | E2: 1 | F2: Intergrity | G2: =DATA_DELPHI[[#This Row],[Evaluate]] -> VI;VH
A3: 1 | B3: Subjective Norm | C3: VI;VH | E3: 1 | F3: Subjective Norm | G3: =DATA_DELPHI[[#This Row],[Evaluate]] -> VI;VH
A4: 1 | B4: Price-quality Inference | C4: VI;VH | E4: 1 | F4: Price-quality Inference | G4: =DATA_DELPHI[[#This Row],[Evaluate]] -> VI;VH
A5: 1 | B5: Ethical Concern | C5: VI;VH | E5: 1 | F5: Ethical Concern | G5: =DATA_DELPHI[[#This Row],[Evaluate]] -> VI;VH
A6: 1 | B6: Product Evaluation | C6: VI;VH | E6: 1 | F6: Product Evaluation | G6: =DATA_DELPHI[[#This Row],[Evaluate]] -> VI;VH
A7: 2 | B7: Intergrity | C7: AI;VH | E7: 2 | F7: Intergrity | G7: =DATA_DELPHI[[#This Row],[Evaluate]] -> AI;VH
A8: 2 | B8: Subjective Norm | C8: AI;H | E8: 2 | F8: Subjective Norm | G8: =DATA_DELPHI[[#This Row],[Evaluate]] -> AI;H
A9: 2 | B9: Price-quality Inference | C9: FI;VH | E9: 2 | F9: Price-quality Inference | G9: =DATA_DELPHI[[#This Row],[Evaluate]] -> FI;VH
A10: 2 | B10: Ethical Concern | C10: VI;M | E10: 2 | F10: Ethical Concern | G10: =DATA_DELPHI[[#This Row],[Evaluate]] -> VI;M
A11: 2 | B11: Product Evaluation | C11: VI;VH | E11: 2 | F11: Product Evaluation | G11: =DATA_DELPHI[[#This Row],[Evaluate]] -> VI;VH
A12: 3 | B12: Intergrity | C12: VI;H | E12: 3 | F12: Intergrity | G12: =DATA_DELPHI[[#This Row],[Evaluate]] -> VI;H
A13: 3 | B13: Subjective Norm | C13: AI;H | E13: 3 | F13: Subjective Norm | G13: =DATA_DELPHI[[#This Row],[Evaluate]] -> AI;H
... A101: 20 | B101: Product Evaluation | C101: AI;H | E101: 20 | F101: Product Evaluation | G101: =DATA_DELPHI[[#This Row],[Evaluate]] -> AI;H

Sheet REF
B1: 1 | C1: 2 | D1: 3 | E1: 4 | F1: 5 | G1: 6 | H1: 7 | I1: 8 | J1: 9 | K1: 10 | L1: 11 | M1: 12 | N1: 13 | O1: 14 | P1: 15 | Q1: 16 | R1: 17 | S1: 18 | T1: 19 | U1: 20
A2: Intergrity | B2: 1 | C2: =B$1*5+$B2 -> 6 | D2: =C$1*5+$B2 -> 11 | E2: =D$1*5+$B2 -> 16 | F2: =E$1*5+$B2 -> 21 | G2: =F$1*5+$B2 -> 26 | H2: =G$1*5+$B2 -> 31 | I2: =H$1*5+$B2 -> 36 | J2: =I$1*5+$B2 -> 41 | ... U2: =T$1*5+$B2 -> 96
A3: Subjective Norm | B3: 2 | C3: =B$1*5+$B3 -> 7 | D3: =C$1*5+$B3 -> 12 | E3: =D$1*5+$B3 -> 17 | F3: =E$1*5+$B3 -> 22 | G3: =F$1*5+$B3 -> 27 | H3: =G$1*5+$B3 -> 32 | I3: =H$1*5+$B3 -> 37 | J3: =I$1*5+$B3 -> 42 | ... U3: =T$1*5+$B3 -> 97
A4: Price-quality Inference | B4: 3 | C4: =B$1*5+$B4 -> 8 | D4: =C$1*5+$B4 -> 13 | E4: =D$1*5+$B4 -> 18 | F4: =E$1*5+$B4 -> 23 | G4: =F$1*5+$B4 -> 28 | H4: =G$1*5+$B4 -> 33 | I4: =H$1*5+$B4 -> 38 | J4: =I$1*5+$B4 -> 43 | ... U4: =T$1*5+$B4 -> 98
A5: Ethical Concern | B5: 4 | C5: =B$1*5+$B5 -> 9 | D5: =C$1*5+$B5 -> 14 | E5: =D$1*5+$B5 -> 19 | F5: =E$1*5+$B5 -> 24 | G5: =F$1*5+$B5 -> 29 | H5: =G$1*5+$B5 -> 34 | I5: =H$1*5+$B5 -> 39 | J5: =I$1*5+$B5 -> 44 | ... U5: =T$1*5+$B5 -> 99
A6: Product Evaluation | B6: 5 | C6: =B$1*5+$B6 -> 10 | D6: =C$1*5+$B6 -> 15 | E6: =D$1*5+$B6 -> 20 | F6: =E$1*5+$B6 -> 25 | G6: =F$1*5+$B6 -> 30 | H6: =G$1*5+$B6 -> 35 | I6: =H$1*5+$B6 -> 40 | J6: =I$1*5+$B6 -> 45 | ... U6: =T$1*5+$B6 -> 100
A8: F | B8: R | C8: F:R | D8: Z-Fuzzy
A9: AI | B9: VL | C9: AI;VL | D9: (0,0949; 0,1265; 0,1265)
A10: AI | B10: L | C10: AI;L | D10: (0,1643; 0,2191; 0,2191)
A11: AI | B11: M | C11: AI;M | D11: (0,2121; 0,2828; 0,2828)
A12: AI | B12: H | C12: AI;H | D12: (0,251; 0,3347; 0,3347)
A13: AI | B13: VH | C13: AI;VH | D13: (0,2846; 0,3795; 0,3795)
A14: NI | B14: VL | C14: NI;VL | D14: (0; 0; 0,0316)
A15: NI | B15: L | C15: NI;L | D15: (0; 0; 0,0548)
A16: NI | B16: M | C16: NI;M | D16: (0; 0; 0,0707)
A17: NI | B17: H | C17: NI;H | D17: (0; 0; 0,0837)
A18: NI | B18: VH | C18: NI;VH | D18: (0; 0; 0,0949)
A19: FI | B19: VL | C19: FI;VL | D19: (0,0316; 0,0632; 0,0949)
... A33: WI | B33: VH | C33: WI;VH | D33: (0; 0,0949; 0,1897)
A35: Kmax, K min
A37: CALCULATE TO FUZZY
A38: Expert | B38: 1 | C38: 2 | D38: 3 | E38: 4 | F38: 5 | G38: 6 | H38: 7 | I38: 8 | J38: 9 | K38: 10 | L38: 11 | M38: 12 | N38: 13 | O38: 14 | P38: 15 | Q38: 16 | R38: 17 | S38: 18 | T38: 19 | U38: 20 | V38: AGG L | W38: AGG M | X38: AGG U | Y38: AGG | Z38: Tv | AA38: Dv | AB38: Kv
A39: MAX | B39: (0,2846; 0,3795; 0,3795) | C39: (0,2846; 0,3795; 0,3795) | D39: (0,2846; 0,3795; 0,3795) | E39: (0,2846; 0,3795; 0,3795) | F39: (0,2846; 0,3795; 0,3795) | G39: (0,2846; 0,3795; 0,3795) | H39: (0,2846; 0,3795; 0,3795) | I39: (0,2846; 0,3795; 0,3795) | J39: (0,2846; 0,3795; 0,3795) | K39: (0,2846; 0,3795; 0,3795) | L39: (0,2846; 0,3795; 0,3795) | M39: (0,2846; 0,3795; 0,3795) | N39: (0,2846; 0,3795; 0,3795) | O39: (0,2846; 0,3795; 0,3795) | P39: (0,2846; 0,3795; 0,3795) | Q39: (0,2846; 0,3795; 0,3795) | R39: (0,2846; 0,3795; 0,3795) | S39: (0,2846; 0,3795; 0,3795) | T39: (0,2846; 0,3795; 0,3795) | U39: (0,2846; 0,3795; 0,3795) | V39: =MIN(B44:U44) -> 0.2846 | W39: =ROUND(PRODUCT(B48:U48)^(1/20),4) -> 0.3795 | X39: =MAX(B52:U52) -> 0.3795 | Y39: =_xlfn.CONCAT("(", V39, "; ", W39, "; ", X39, ")") -> (0,2846; 0,3795; 0,3795) | Z39: =X39-0.5*(X39-W39) -> 0.3795 | AA39: =V39-0.5*(W39-V39) -> 0.23715 | AB39: =0.5*(Z39+(1-0.5)*AA39) -> 0.2490375
A40: MIN | B40: (0; 0; 0,0316) | C40: (0; 0; 0,0316) | D40: (0; 0; 0,0316) | E40: (0; 0; 0,0316) | F40: (0; 0; 0,0316) | G40: (0; 0; 0,0316) | H40: (0; 0; 0,0316) | I40: (0; 0; 0,0316) | J40: (0; 0; 0,0316) | K40: (0; 0; 0,0316) | L40: (0; 0; 0,0316) | M40: (0; 0; 0,0316) | N40: (0; 0; 0,0316) | O40: (0; 0; 0,0316) | P40: (0; 0; 0,0316) | Q40: (0; 0; 0,0316) | R40: (0; 0; 0,0316) | S40: (0; 0; 0,0316) | T40: (0; 0; 0,0316) | U40: (0; 0; 0,0316) | V40: =MIN(B45:U45) -> 0 | W40: =ROUND(PRODUCT(B49:U49)^(1/20),4) -> 0 | X40: =MAX(B53:U53) -> 0.0316 | Y40: =_xlfn.CONCAT("(", V40, "; ", W40, "; ", X40, ")") -> (0; 0; 0,0316) | Z40: =X40-0.5*(X40-W40) -> 0.0158 | AA40: =V40-0.5*(W40-V40) -> 0 | AB40: =0.5*(Z40+(1-0.5)*AA40) -> 0.0079
AB41: =AVERAGE(AB39:AB40) -> 0.12846875
A43: L | B43: 1 | C43: 2 | D43: 3 | E43: 4 | F43: 5 | G43: 6 | H43: 7 | I43: 8 | J43: 9 | K43: 10 | L43: 11 | M43: 12 | N43: 13 | O43: 14 | P43: 15 | Q43: 16 | R43: 17 | S43: 18 | T43: 19 | U43: 20
A44: MAX | B44: =_xlfn.NUMBERVALUE(MID(B39,2,FIND(";",B39,1)-2)) -> 0.2846 | C44: =_xlfn.NUMBERVALUE(MID(C39,2,FIND(";",C39,1)-2)) -> 0.2846 | D44: =_xlfn.NUMBERVALUE(MID(D39,2,FIND(";",D39,1)-2)) -> 0.2846 | E44: =_xlfn.NUMBERVALUE(MID(E39,2,FIND(";",E39,1)-2)) -> 0.2846 | F44: =_xlfn.NUMBERVALUE(MID(F39,2,FIND(";",F39,1)-2)) -> 0.2846 | G44: =_xlfn.NUMBERVALUE(MID(G39,2,FIND(";",G39,1)-2)) -> 0.2846 | H44: =_xlfn.NUMBERVALUE(MID(H39,2,FIND(";",H39,1)-2)) -> 0.2846 | I44: =_xlfn.NUMBERVALUE(MID(I39,2,FIND(";",I39,1)-2)) -> 0.2846 | ... U44: =_xlfn.NUMBERVALUE(MID(U39,2,FIND(";",U39,1)-2)) -> 0.2846
A45: MIN | B45: =_xlfn.NUMBERVALUE(MID(B40,2,FIND(";",B40,1)-2)) -> 0 | C45: =_xlfn.NUMBERVALUE(MID(C40,2,FIND(";",C40,1)-2)) -> 0 | D45: =_xlfn.NUMBERVALUE(MID(D40,2,FIND(";",D40,1)-2)) -> 0 | E45: =_xlfn.NUMBERVALUE(MID(E40,2,FIND(";",E40,1)-2)) -> 0 | F45: =_xlfn.NUMBERVALUE(MID(F40,2,FIND(";",F40,1)-2)) -> 0 | G45: =_xlfn.NUMBERVALUE(MID(G40,2,FIND(";",G40,1)-2)) -> 0 | H45: =_xlfn.NUMBERVALUE(MID(H40,2,FIND(";",H40,1)-2)) -> 0 | I45: =_xlfn.NUMBERVALUE(MID(I40,2,FIND(";",I40,1)-2)) -> 0 | ... U45: =_xlfn.NUMBERVALUE(MID(U40,2,FIND(";",U40,1)-2)) -> 0
A47: M | B47: 1 | C47: 2 | D47: 3 | E47: 4 | F47: 5 | G47: 6 | H47: 7 | I47: 8 | J47: 9 | K47: 10 | L47: 11 | M47: 12 | N47: 13 | O47: 14 | P47: 15 | Q47: 16 | R47: 17 | S47: 18 | T47: 19 | U47: 20
A48: MAX | B48: =_xlfn.NUMBERVALUE(MID(B39,FIND(";",B39,1)+1,FIND(";",B39,FIND(";",B39,1)+1)-FIND(";",B39,1)-1)) -> 0.3795 | C48: =_xlfn.NUMBERVALUE(MID(C39,FIND(";",C39,1)+1,FIND(";",C39,FIND(";",C39,1)+1)-FIND(";",C39,1)-1)) -> 0.3795 | D48: =_xlfn.NUMBERVALUE(MID(D39,FIND(";",D39,1)+1,FIND(";",D39,FIND(";",D39,1)+1)-FIND(";",D39,1)-1)) -> 0.3795 | E48: =_xlfn.NUMBERVALUE(MID(E39,FIND(";",E39,1)+1,FIND(";",E39,FIND(";",E39,1)+1)-FIND(";",E39,1)-1)) -> 0.3795 | F48: =_xlfn.NUMBERVALUE(MID(F39,FIND(";",F39,1)+1,FIND(";",F39,FIND(";",F39,1)+1)-FIND(";",F39,1)-1)) -> 0.3795 | G48: =_xlfn.NUMBERVALUE(MID(G39,FIND(";",G39,1)+1,FIND(";",G39,FIND(";",G39,1)+1)-FIND(";",G39,1)-1)) -> 0.3795 | H48: =_xlfn.NUMBERVALUE(MID(H39,FIND(";",H39,1)+1,FIND(";",H39,FIND(";",H39,1)+1)-FIND(";",H39,1)-1)) -> 0.3795 | I48: =_xlfn.NUMBERVALUE(MID(I39,FIND(";",I39,1)+1,FIND(";",I39,FIND(";",I39,1)+1)-FIND(";",I39,1)-1)) -> 0.3795 | ... U48: =_xlfn.NUMBERVALUE(MID(U39,FIND(";",U39,1)+1,FIND(";",U39,FIND(";",U39,1)+1)-FIND(";",U39,1)-1)) -> 0.3795
A49: MIN | B49: =_xlfn.NUMBERVALUE(MID(B40,FIND(";",B40,1)+1,FIND(";",B40,FIND(";",B40,1)+1)-FIND(";",B40,1)-1)) -> 0 | C49: =_xlfn.NUMBERVALUE(MID(C40,FIND(";",C40,1)+1,FIND(";",C40,FIND(";",C40,1)+1)-FIND(";",C40,1)-1)) -> 0 | D49: =_xlfn.NUMBERVALUE(MID(D40,FIND(";",D40,1)+1,FIND(";",D40,FIND(";",D40,1)+1)-FIND(";",D40,1)-1)) -> 0 | E49: =_xlfn.NUMBERVALUE(MID(E40,FIND(";",E40,1)+1,FIND(";",E40,FIND(";",E40,1)+1)-FIND(";",E40,1)-1)) -> 0 | F49: =_xlfn.NUMBERVALUE(MID(F40,FIND(";",F40,1)+1,FIND(";",F40,FIND(";",F40,1)+1)-FIND(";",F40,1)-1)) -> 0 | G49: =_xlfn.NUMBERVALUE(MID(G40,FIND(";",G40,1)+1,FIND(";",G40,FIND(";",G40,1)+1)-FIND(";",G40,1)-1)) -> 0 | H49: =_xlfn.NUMBERVALUE(MID(H40,FIND(";",H40,1)+1,FIND(";",H40,FIND(";",H40,1)+1)-FIND(";",H40,1)-1)) -> 0 | I49: =_xlfn.NUMBERVALUE(MID(I40,FIND(";",I40,1)+1,FIND(";",I40,FIND(";",I40,1)+1)-FIND(";",I40,1)-1)) -> 0 | ... U49: =_xlfn.NUMBERVALUE(MID(U40,FIND(";",U40,1)+1,FIND(";",U40,FIND(";",U40,1)+1)-FIND(";",U40,1)-1)) -> 0
A51: U | B51: 1 | C51: 2 | D51: 3 | E51: 4 | F51: 5 | G51: 6 | H51: 7 | I51: 8 | J51: 9 | K51: 10 | L51: 11 | M51: 12 | N51: 13 | O51: 14 | P51: 15 | Q51: 16 | R51: 17 | S51: 18 | T51: 19 | U51: 20
A52: MAX | B52: =_xlfn.NUMBERVALUE(MID(B39,FIND(";",B39,FIND(";",B39,1)+1)+1, LEN(B39)-FIND(";",B39,FIND(";",B39,1)+1)-1)) -> 0.3795 | C52: =_xlfn.NUMBERVALUE(MID(C39,FIND(";",C39,FIND(";",C39,1)+1)+1, LEN(C39)-FIND(";",C39,FIND(";",C39,1)+1)-1)) -> 0.3795 | D52: =_xlfn.NUMBERVALUE(MID(D39,FIND(";",D39,FIND(";",D39,1)+1)+1, LEN(D39)-FIND(";",D39,FIND(";",D39,1)+1)-1)) -> 0.3795 | E52: =_xlfn.NUMBERVALUE(MID(E39,FIND(";",E39,FIND(";",E39,1)+1)+1, LEN(E39)-FIND(";",E39,FIND(";",E39,1)+1)-1)) -> 0.3795 | F52: =_xlfn.NUMBERVALUE(MID(F39,FIND(";",F39,FIND(";",F39,1)+1)+1, LEN(F39)-FIND(";",F39,FIND(";",F39,1)+1)-1)) -> 0.3795 | G52: =_xlfn.NUMBERVALUE(MID(G39,FIND(";",G39,FIND(";",G39,1)+1)+1, LEN(G39)-FIND(";",G39,FIND(";",G39,1)+1)-1)) -> 0.3795 | H52: =_xlfn.NUMBERVALUE(MID(H39,FIND(";",H39,FIND(";",H39,1)+1)+1, LEN(H39)-FIND(";",H39,FIND(";",H39,1)+1)-1)) -> 0.3795 | I52: =_xlfn.NUMBERVALUE(MID(I39,FIND(";",I39,FIND(";",I39,1)+1)+1, LEN(I39)-FIND(";",I39,FIND(";",I39,1)+1)-1)) -> 0.3795 | ... U52: =_xlfn.NUMBERVALUE(MID(U39,FIND(";",U39,FIND(";",U39,1)+1)+1, LEN(U39)-FIND(";",U39,FIND(";",U39,1)+1)-1)) -> 0.3795
A53: MIN | B53: =_xlfn.NUMBERVALUE(MID(B40,FIND(";",B40,FIND(";",B40,1)+1)+1, LEN(B40)-FIND(";",B40,FIND(";",B40,1)+1)-1)) -> 0.0316 | C53: =_xlfn.NUMBERVALUE(MID(C40,FIND(";",C40,FIND(";",C40,1)+1)+1, LEN(C40)-FIND(";",C40,FIND(";",C40,1)+1)-1)) -> 0.0316 | D53: =_xlfn.NUMBERVALUE(MID(D40,FIND(";",D40,FIND(";",D40,1)+1)+1, LEN(D40)-FIND(";",D40,FIND(";",D40,1)+1)-1)) -> 0.0316 | E53: =_xlfn.NUMBERVALUE(MID(E40,FIND(";",E40,FIND(";",E40,1)+1)+1, LEN(E40)-FIND(";",E40,FIND(";",E40,1)+1)-1)) -> 0.0316 | F53: =_xlfn.NUMBERVALUE(MID(F40,FIND(";",F40,FIND(";",F40,1)+1)+1, LEN(F40)-FIND(";",F40,FIND(";",F40,1)+1)-1)) -> 0.0316 | G53: =_xlfn.NUMBERVALUE(MID(G40,FIND(";",G40,FIND(";",G40,1)+1)+1, LEN(G40)-FIND(";",G40,FIND(";",G40,1)+1)-1)) -> 0.0316 | H53: =_xlfn.NUMBERVALUE(MID(H40,FIND(";",H40,FIND(";",H40,1)+1)+1, LEN(H40)-FIND(";",H40,FIND(";",H40,1)+1)-1)) -> 0.0316 | I53: =_xlfn.NUMBERVALUE(MID(I40,FIND(";",I40,FIND(";",I40,1)+1)+1, LEN(I40)-FIND(";",I40,FIND(";",I40,1)+1)-1)) -> 0.0316 | ... U53: =_xlfn.NUMBERVALUE(MID(U40,FIND(";",U40,FIND(";",U40,1)+1)+1, LEN(U40)-FIND(";",U40,FIND(";",U40,1)+1)-1)) -> 0.0316

Sheet DELPHI CALCULATION
A1: CODED DATA
A2: Expert | B2: 1 | C2: 2 | D2: 3 | E2: 4 | F2: 5 | G2: 6 | H2: 7 | I2: 8 | J2: 9 | K2: 10 | L2: 11 | M2: 12 | N2: 13 | O2: 14 | P2: 15 | Q2: 16 | R2: 17 | S2: 18 | T2: 19 | U2: 20
A3: Intergrity | B3: =INDEX('RAW DATA DELPHI'!$G$2:$G$101,REF!B2) -> VI;VH | C3: =INDEX('RAW DATA DELPHI'!$G$2:$G$101,REF!C2) -> AI;VH | D3: =INDEX('RAW DATA DELPHI'!$G$2:$G$101,REF!D2) -> VI;H | E3: =INDEX('RAW DATA DELPHI'!$G$2:$G$101,REF!E2) -> FI;H | F3: =INDEX('RAW DATA DELPHI'!$G$2:$G$101,REF!F2) -> FI;H | G3: =INDEX('RAW DATA DELPHI'!$G$2:$G$101,REF!G2) -> AI;VH | H3: =INDEX('RAW DATA DELPHI'!$G$2:$G$101,REF!H2) -> VI;H | I3: =INDEX('RAW DATA DELPHI'!$G$2:$G$101,REF!I2) -> VI;VH | ... U3: =INDEX('RAW DATA DELPHI'!$G$2:$G$101,REF!U2) -> VI;H
A4: Subjective Norm | B4: =INDEX('RAW DATA DELPHI'!$G$2:$G$101,REF!B3) -> VI;VH | C4: =INDEX('RAW DATA DELPHI'!$G$2:$G$101,REF!C3) -> AI;H | D4: =INDEX('RAW DATA DELPHI'!$G$2:$G$101,REF!D3) -> AI;H | E4: =INDEX('RAW DATA DELPHI'!$G$2:$G$101,REF!E3) -> VI;M | F4: =INDEX('RAW DATA DELPHI'!$G$2:$G$101,REF!F3) -> VI;VH | G4: =INDEX('RAW DATA DELPHI'!$G$2:$G$101,REF!G3) -> AI;VH | H4: =INDEX('RAW DATA DELPHI'!$G$2:$G$101,REF!H3) -> FI;L | I4: =INDEX('RAW DATA DELPHI'!$G$2:$G$101,REF!I3) -> VI;H | ... U4: =INDEX('RAW DATA DELPHI'!$G$2:$G$101,REF!U3) -> FI;VH
A5: Price-quality Inference | B5: =INDEX('RAW DATA DELPHI'!$G$2:$G$101,REF!B4) -> VI;VH | C5: =INDEX('RAW DATA DELPHI'!$G$2:$G$101,REF!C4) -> FI;VH | D5: =INDEX('RAW DATA DELPHI'!$G$2:$G$101,REF!D4) -> AI;VH | E5: =INDEX('RAW DATA DELPHI'!$G$2:$G$101,REF!E4) -> AI;H | F5: =INDEX('RAW DATA DELPHI'!$G$2:$G$101,REF!F4) -> FI;H | G5: =INDEX('RAW DATA DELPHI'!$G$2:$G$101,REF!G4) -> AI;VH | H5: =INDEX('RAW DATA DELPHI'!$G$2:$G$101,REF!H4) -> VI;H | I5: =INDEX('RAW DATA DELPHI'!$G$2:$G$101,REF!I4) -> FI;L | ... U5: =INDEX('RAW DATA DELPHI'!$G$2:$G$101,REF!U4) -> FI;H
A6: Ethical Concern | B6: =INDEX('RAW DATA DELPHI'!$G$2:$G$101,REF!B5) -> VI;VH | C6: =INDEX('RAW DATA DELPHI'!$G$2:$G$101,REF!C5) -> VI;M | D6: =INDEX('RAW DATA DELPHI'!$G$2:$G$101,REF!D5) -> FI;VH | E6: =INDEX('RAW DATA DELPHI'!$G$2:$G$101,REF!E5) -> VI;VH | F6: =INDEX('RAW DATA DELPHI'!$G$2:$G$101,REF!F5) -> AI;VH | G6: =INDEX('RAW DATA DELPHI'!$G$2:$G$101,REF!G5) -> FI;M | H6: =INDEX('RAW DATA DELPHI'!$G$2:$G$101,REF!H5) -> AI;VH | I6: =INDEX('RAW DATA DELPHI'!$G$2:$G$101,REF!I5) -> VI;VH | ... U6: =INDEX('RAW DATA DELPHI'!$G$2:$G$101,REF!U5) -> VI;VH
A7: Product Evaluation | B7: =INDEX('RAW DATA DELPHI'!$G$2:$G$101,REF!B6) -> VI;VH | C7: =INDEX('RAW DATA DELPHI'!$G$2:$G$101,REF!C6) -> VI;VH | D7: =INDEX('RAW DATA DELPHI'!$G$2:$G$101,REF!D6) -> FI;H | E7: =INDEX('RAW DATA DELPHI'!$G$2:$G$101,REF!E6) -> AI;H | F7: =INDEX('RAW DATA DELPHI'!$G$2:$G$101,REF!F6) -> VI;VH | G7: =INDEX('RAW DATA DELPHI'!$G$2:$G$101,REF!G6) -> VI;H | H7: =INDEX('RAW DATA DELPHI'!$G$2:$G$101,REF!H6) -> AI;VH | I7: =INDEX('RAW DATA DELPHI'!$G$2:$G$101,REF!I6) -> AI;H | ... U7: =INDEX('RAW DATA DELPHI'!$G$2:$G$101,REF!U6) -> AI;H
A9: CALCULATE TO FUZZY
A10: Expert | B10: 1 | C10: 2 | D10: 3 | E10: 4 | F10: 5 | G10: 6 | H10: 7 | I10: 8 | J10: 9 | K10: 10 | L10: 11 | M10: 12 | N10: 13 | O10: 14 | P10: 15 | Q10: 16 | R10: 17 | S10: 18 | T10: 19 | U10: 20 | V10: AGG L | W10: AGG M | X10: AGG U | Y10: AGG | Z10: Tv | AA10: Dv | AB10: Kv | AC10: Validate
A11: Intergrity | B11: =VLOOKUP('DELPHI CALCULATION'!B3,REF!$C$9:$D$33,2,FALSE) -> (0,1897; 0,2846; 0,3795) | C11: =VLOOKUP('DELPHI CALCULATION'!C3,REF!$C$9:$D$33,2,FALSE) -> (0,2846; 0,3795; 0,3795) | D11: =VLOOKUP('DELPHI CALCULATION'!D3,REF!$C$9:$D$33,2,FALSE) -> (0,1673; 0,251; 0,3347) | E11: =VLOOKUP('DELPHI CALCULATION'!E3,REF!$C$9:$D$33,2,FALSE) -> (0,0837; 0,1673; 0,251) | F11: =VLOOKUP('DELPHI CALCULATION'!F3,REF!$C$9:$D$33,2,FALSE) -> (0,0837; 0,1673; 0,251) | G11: =VLOOKUP('DELPHI CALCULATION'!G3,REF!$C$9:$D$33,2,FALSE) -> (0,2846; 0,3795; 0,3795) | H11: =VLOOKUP('DELPHI CALCULATION'!H3,REF!$C$9:$D$33,2,FALSE) -> (0,1673; 0,251; 0,3347) | I11: =VLOOKUP('DELPHI CALCULATION'!I3,REF!$C$9:$D$33,2,FALSE) -> (0,1897; 0,2846; 0,3795) | ... U11: =VLOOKUP('DELPHI CALCULATION'!U3,REF!$C$9:$D$33,2,FALSE) -> (0,1673; 0,251; 0,3347) | V11: =MIN(B19:U19) -> 0.0707 | W11: =ROUND(PRODUCT(B26:U26)^(1/20),4) -> 0.2594 | X11: =MAX(B33:U33) -> 0.3795 | Y11: =_xlfn.CONCAT("(", V11, "; ", W11, "; ", X11, ")") -> (0,0707; 0,2594; 0,3795) | Z11: =X11-0.5*(X11-W11) -> 0.31945 | AA11: =V11-0.5*(W11-V11) -> -0.02365 | AB11: =ROUND(0.5*(Z11+(1-0.5)*AA11),4) -> 0.1538 | AC11: =IF(AB11>=AB16,"Accepted","Rejected") -> Accepted
A12: Subjective Norm | B12: =VLOOKUP('DELPHI CALCULATION'!B4,REF!$C$9:$D$33,2,FALSE) -> (0,1897; 0,2846; 0,3795) | C12: =VLOOKUP('DELPHI CALCULATION'!C4,REF!$C$9:$D$33,2,FALSE) -> (0,251; 0,3347; 0,3347) | D12: =VLOOKUP('DELPHI CALCULATION'!D4,REF!$C$9:$D$33,2,FALSE) -> (0,251; 0,3347; 0,3347) | E12: =VLOOKUP('DELPHI CALCULATION'!E4,REF!$C$9:$D$33,2,FALSE) -> (0,1414; 0,2121; 0,2828) | F12: =VLOOKUP('DELPHI CALCULATION'!F4,REF!$C$9:$D$33,2,FALSE) -> (0,1897; 0,2846; 0,3795) | G12: =VLOOKUP('DELPHI CALCULATION'!G4,REF!$C$9:$D$33,2,FALSE) -> (0,2846; 0,3795; 0,3795) | H12: =VLOOKUP('DELPHI CALCULATION'!H4,REF!$C$9:$D$33,2,FALSE) -> (0,0548; 0,1095; 0,1643) | I12: =VLOOKUP('DELPHI CALCULATION'!I4,REF!$C$9:$D$33,2,FALSE) -> (0,1673; 0,251; 0,3347) | ... U12: =VLOOKUP('DELPHI CALCULATION'!U4,REF!$C$9:$D$33,2,FALSE) -> (0,0949; 0,1897; 0,2846) | V12: =MIN(B20:U20) -> 0.0548 | W12: =ROUND(PRODUCT(B27:U27)^(1/20),4) -> 0.2537 | X12: =MAX(B34:U34) -> 0.3795 | Y12: =_xlfn.CONCAT("(", V12, "; ", W12, "; ", X12, ")") -> (0,0548; 0,2537; 0,3795) | Z12: =X12-0.5*(X12-W12) -> 0.3166 | AA12: =V12-0.5*(W12-V12) -> -0.04465 | AB12: =ROUND(0.5*(Z12+(1-0.5)*AA12),4) -> 0.1471 | AC12: =IF(AB12>=AB17,"Accepted","Rejected") -> Accepted
A13: Price-quality Inference | B13: =VLOOKUP('DELPHI CALCULATION'!B5,REF!$C$9:$D$33,2,FALSE) -> (0,1897; 0,2846; 0,3795) | C13: =VLOOKUP('DELPHI CALCULATION'!C5,REF!$C$9:$D$33,2,FALSE) -> (0,0949; 0,1897; 0,2846) | D13: =VLOOKUP('DELPHI CALCULATION'!D5,REF!$C$9:$D$33,2,FALSE) -> (0,2846; 0,3795; 0,3795) | E13: =VLOOKUP('DELPHI CALCULATION'!E5,REF!$C$9:$D$33,2,FALSE) -> (0,251; 0,3347; 0,3347) | F13: =VLOOKUP('DELPHI CALCULATION'!F5,REF!$C$9:$D$33,2,FALSE) -> (0,0837; 0,1673; 0,251) | G13: =VLOOKUP('DELPHI CALCULATION'!G5,REF!$C$9:$D$33,2,FALSE) -> (0,2846; 0,3795; 0,3795) | H13: =VLOOKUP('DELPHI CALCULATION'!H5,REF!$C$9:$D$33,2,FALSE) -> (0,1673; 0,251; 0,3347) | I13: =VLOOKUP('DELPHI CALCULATION'!I5,REF!$C$9:$D$33,2,FALSE) -> (0,0548; 0,1095; 0,1643) | ... U13: =VLOOKUP('DELPHI CALCULATION'!U5,REF!$C$9:$D$33,2,FALSE) -> (0,0837; 0,1673; 0,251) | V13: =MIN(B21:U21) -> 0 | W13: =ROUND(PRODUCT(B28:U28)^(1/20),4) -> 0.2304 | X13: =MAX(B35:U35) -> 0.3795 | Y13: =_xlfn.CONCAT("(", V13, "; ", W13, "; ", X13, ")") -> (0; 0,2304; 0,3795) | Z13: =X13-0.5*(X13-W13) -> 0.30495 | AA13: =V13-0.5*(W13-V13) -> -0.1152 | AB13: =ROUND(0.5*(Z13+(1-0.5)*AA13),4) -> 0.1237 | AC13: =IF(AB13>=AB18,"Accepted","Rejected") -> Accepted
A14: Ethical Concern | B14: =VLOOKUP('DELPHI CALCULATION'!B6,REF!$C$9:$D$33,2,FALSE) -> (0,1897; 0,2846; 0,3795) | C14: =VLOOKUP('DELPHI CALCULATION'!C6,REF!$C$9:$D$33,2,FALSE) -> (0,1414; 0,2121; 0,2828) | D14: =VLOOKUP('DELPHI CALCULATION'!D6,REF!$C$9:$D$33,2,FALSE) -> (0,0949; 0,1897; 0,2846) | E14: =VLOOKUP('DELPHI CALCULATION'!E6,REF!$C$9:$D$33,2,FALSE) -> (0,1897; 0,2846; 0,3795) | F14: =VLOOKUP('DELPHI CALCULATION'!F6,REF!$C$9:$D$33,2,FALSE) -> (0,2846; 0,3795; 0,3795) | G14: =VLOOKUP('DELPHI CALCULATION'!G6,REF!$C$9:$D$33,2,FALSE) -> (0,0707; 0,1414; 0,2121) | H14: =VLOOKUP('DELPHI CALCULATION'!H6,REF!$C$9:$D$33,2,FALSE) -> (0,2846; 0,3795; 0,3795) | I14: =VLOOKUP('DELPHI CALCULATION'!I6,REF!$C$9:$D$33,2,FALSE) -> (0,1897; 0,2846; 0,3795) | ... U14: =VLOOKUP('DELPHI CALCULATION'!U6,REF!$C$9:$D$33,2,FALSE) -> (0,1897; 0,2846; 0,3795) | V14: =MIN(B22:U22) -> 0.0707 | W14: =ROUND(PRODUCT(B29:U29)^(1/20),4) -> 0.2514 | X14: =MAX(B36:U36) -> 0.3795 | Y14: =_xlfn.CONCAT("(", V14, "; ", W14, "; ", X14, ")") -> (0,0707; 0,2514; 0,3795) | Z14: =X14-0.5*(X14-W14) -> 0.31545 | AA14: =V14-0.5*(W14-V14) -> -0.01965 | AB14: =ROUND(0.5*(Z14+(1-0.5)*AA14),4) -> 0.1528 | AC14: =IF(AB14>=AB19,"Accepted","Rejected") -> Accepted
A15: Product Evaluation | B15: =VLOOKUP('DELPHI CALCULATION'!B7,REF!$C$9:$D$33,2,FALSE) -> (0,1897; 0,2846; 0,3795) | C15: =VLOOKUP('DELPHI CALCULATION'!C7,REF!$C$9:$D$33,2,FALSE) -> (0,1897; 0,2846; 0,3795) | D15: =VLOOKUP('DELPHI CALCULATION'!D7,REF!$C$9:$D$33,2,FALSE) -> (0,0837; 0,1673; 0,251) | E15: =VLOOKUP('DELPHI CALCULATION'!E7,REF!$C$9:$D$33,2,FALSE) -> (0,251; 0,3347; 0,3347) | F15: =VLOOKUP('DELPHI CALCULATION'!F7,REF!$C$9:$D$33,2,FALSE) -> (0,1897; 0,2846; 0,3795) | G15: =VLOOKUP('DELPHI CALCULATION'!G7,REF!$C$9:$D$33,2,FALSE) -> (0,1673; 0,251; 0,3347) | H15: =VLOOKUP('DELPHI CALCULATION'!H7,REF!$C$9:$D$33,2,FALSE) -> (0,2846; 0,3795; 0,3795) | I15: =VLOOKUP('DELPHI CALCULATION'!I7,REF!$C$9:$D$33,2,FALSE) -> (0,251; 0,3347; 0,3347) | ... U15: =VLOOKUP('DELPHI CALCULATION'!U7,REF!$C$9:$D$33,2,FALSE) -> (0,251; 0,3347; 0,3347) | V15: =MIN(B23:U23) -> 0.0837 | W15: =ROUND(PRODUCT(B30:U30)^(1/20),4) -> 0.261 | X15: =MAX(B37:U37) -> 0.3795 | Y15: =_xlfn.CONCAT("(", V15, "; ", W15, "; ", X15, ")") -> (0,0837; 0,261; 0,3795) | Z15: =X15-0.5*(X15-W15) -> 0.32025 | AA15: =V15-0.5*(W15-V15) -> -0.00495 | AB15: =ROUND(0.5*(Z15+(1-0.5)*AA15),4) -> 0.1589 | AC15: =IF(AB15>=AB20,"Accepted","Rejected") -> Accepted
AA16: Threhold | AB16: =ROUND(REF!AB41,4) -> 0.1285
A18: L | B18: 1 | C18: 2 | D18: 3 | E18: 4 | F18: 5 | G18: 6 | H18: 7 | I18: 8 | J18: 9 | K18: 10 | L18: 11 | M18: 12 | N18: 13 | O18: 14 | P18: 15 | Q18: 16 | R18: 17 | S18: 18 | T18: 19 | U18: 20
A19: Intergrity | B19: =_xlfn.NUMBERVALUE(MID(B11,2,FIND(";",B11,1)-2)) -> 0.1897 | C19: =_xlfn.NUMBERVALUE(MID(C11,2,FIND(";",C11,1)-2)) -> 0.2846 | D19: =_xlfn.NUMBERVALUE(MID(D11,2,FIND(";",D11,1)-2)) -> 0.1673 | E19: =_xlfn.NUMBERVALUE(MID(E11,2,FIND(";",E11,1)-2)) -> 0.0837 | F19: =_xlfn.NUMBERVALUE(MID(F11,2,FIND(";",F11,1)-2)) -> 0.0837 | G19: =_xlfn.NUMBERVALUE(MID(G11,2,FIND(";",G11,1)-2)) -> 0.2846 | H19: =_xlfn.NUMBERVALUE(MID(H11,2,FIND(";",H11,1)-2)) -> 0.1673 | I19: =_xlfn.NUMBERVALUE(MID(I11,2,FIND(";",I11,1)-2)) -> 0.1897 | ... U19: =_xlfn.NUMBERVALUE(MID(U11,2,FIND(";",U11,1)-2)) -> 0.1673
A20: Subjective Norm | B20: =_xlfn.NUMBERVALUE(MID(B12,2,FIND(";",B12,1)-2)) -> 0.1897 | C20: =_xlfn.NUMBERVALUE(MID(C12,2,FIND(";",C12,1)-2)) -> 0.251 | D20: =_xlfn.NUMBERVALUE(MID(D12,2,FIND(";",D12,1)-2)) -> 0.251 | E20: =_xlfn.NUMBERVALUE(MID(E12,2,FIND(";",E12,1)-2)) -> 0.1414 | F20: =_xlfn.NUMBERVALUE(MID(F12,2,FIND(";",F12,1)-2)) -> 0.1897 | G20: =_xlfn.NUMBERVALUE(MID(G12,2,FIND(";",G12,1)-2)) -> 0.2846 | H20: =_xlfn.NUMBERVALUE(MID(H12,2,FIND(";",H12,1)-2)) -> 0.0548 | I20: =_xlfn.NUMBERVALUE(MID(I12,2,FIND(";",I12,1)-2)) -> 0.1673 | ... U20: =_xlfn.NUMBERVALUE(MID(U12,2,FIND(";",U12,1)-2)) -> 0.0949
A21: Price-quality Inference | B21: =_xlfn.NUMBERVALUE(MID(B13,2,FIND(";",B13,1)-2)) -> 0.1897 | C21: =_xlfn.NUMBERVALUE(MID(C13,2,FIND(";",C13,1)-2)) -> 0.0949 | D21: =_xlfn.NUMBERVALUE(MID(D13,2,FIND(";",D13,1)-2)) -> 0.2846 | E21: =_xlfn.NUMBERVALUE(MID(E13,2,FIND(";",E13,1)-2)) -> 0.251 | F21: =_xlfn.NUMBERVALUE(MID(F13,2,FIND(";",F13,1)-2)) -> 0.0837 | G21: =_xlfn.NUMBERVALUE(MID(G13,2,FIND(";",G13,1)-2)) -> 0.2846 | H21: =_xlfn.NUMBERVALUE(MID(H13,2,FIND(";",H13,1)-2)) -> 0.1673 | I21: =_xlfn.NUMBERVALUE(MID(I13,2,FIND(";",I13,1)-2)) -> 0.0548 | ... U21: =_xlfn.NUMBERVALUE(MID(U13,2,FIND(";",U13,1)-2)) -> 0.0837
A22: Ethical Concern | B22: =_xlfn.NUMBERVALUE(MID(B14,2,FIND(";",B14,1)-2)) -> 0.1897 | C22: =_xlfn.NUMBERVALUE(MID(C14,2,FIND(";",C14,1)-2)) -> 0.1414 | D22: =_xlfn.NUMBERVALUE(MID(D14,2,FIND(";",D14,1)-2)) -> 0.0949 | E22: =_xlfn.NUMBERVALUE(MID(E14,2,FIND(";",E14,1)-2)) -> 0.1897 | F22: =_xlfn.NUMBERVALUE(MID(F14,2,FIND(";",F14,1)-2)) -> 0.2846 | G22: =_xlfn.NUMBERVALUE(MID(G14,2,FIND(";",G14,1)-2)) -> 0.0707 | H22: =_xlfn.NUMBERVALUE(MID(H14,2,FIND(";",H14,1)-2)) -> 0.2846 | I22: =_xlfn.NUMBERVALUE(MID(I14,2,FIND(";",I14,1)-2)) -> 0.1897 | ... U22: =_xlfn.NUMBERVALUE(MID(U14,2,FIND(";",U14,1)-2)) -> 0.1897
A23: Product Evaluation | B23: =_xlfn.NUMBERVALUE(MID(B15,2,FIND(";",B15,1)-2)) -> 0.1897 | C23: =_xlfn.NUMBERVALUE(MID(C15,2,FIND(";",C15,1)-2)) -> 0.1897 | D23: =_xlfn.NUMBERVALUE(MID(D15,2,FIND(";",D15,1)-2)) -> 0.0837 | E23: =_xlfn.NUMBERVALUE(MID(E15,2,FIND(";",E15,1)-2)) -> 0.251 | F23: =_xlfn.NUMBERVALUE(MID(F15,2,FIND(";",F15,1)-2)) -> 0.1897 | G23: =_xlfn.NUMBERVALUE(MID(G15,2,FIND(";",G15,1)-2)) -> 0.1673 | H23: =_xlfn.NUMBERVALUE(MID(H15,2,FIND(";",H15,1)-2)) -> 0.2846 | I23: =_xlfn.NUMBERVALUE(MID(I15,2,FIND(";",I15,1)-2)) -> 0.251 | ... U23: =_xlfn.NUMBERVALUE(MID(U15,2,FIND(";",U15,1)-2)) -> 0.251
A25: M | B25: 1 | C25: 2 | D25: 3 | E25: 4 | F25: 5 | G25: 6 | H25: 7 | I25: 8 | J25: 9 | K25: 10 | L25: 11 | M25: 12 | N25: 13 | O25: 14 | P25: 15 | Q25: 16 | R25: 17 | S25: 18 | T25: 19 | U25: 20
A26: Intergrity | B26: =_xlfn.NUMBERVALUE(MID(B11,FIND(";",B11,1)+1,FIND(";",B11,FIND(";",B11,1)+1)-FIND(";",B11,1)-1)) -> 0.2846 | C26: =_xlfn.NUMBERVALUE(MID(C11,FIND(";",C11,1)+1,FIND(";",C11,FIND(";",C11,1)+1)-FIND(";",C11,1)-1)) -> 0.3795 | D26: =_xlfn.NUMBERVALUE(MID(D11,FIND(";",D11,1)+1,FIND(";",D11,FIND(";",D11,1)+1)-FIND(";",D11,1)-1)) -> 0.251 | E26: =_xlfn.NUMBERVALUE(MID(E11,FIND(";",E11,1)+1,FIND(";",E11,FIND(";",E11,1)+1)-FIND(";",E11,1)-1)) -> 0.1673 | F26: =_xlfn.NUMBERVALUE(MID(F11,FIND(";",F11,1)+1,FIND(";",F11,FIND(";",F11,1)+1)-FIND(";",F11,1)-1)) -> 0.1673 | G26: =_xlfn.NUMBERVALUE(MID(G11,FIND(";",G11,1)+1,FIND(";",G11,FIND(";",G11,1)+1)-FIND(";",G11,1)-1)) -> 0.3795 | H26: =_xlfn.NUMBERVALUE(MID(H11,FIND(";",H11,1)+1,FIND(";",H11,FIND(";",H11,1)+1)-FIND(";",H11,1)-1)) -> 0.251 | I26: =_xlfn.NUMBERVALUE(MID(I11,FIND(";",I11,1)+1,FIND(";",I11,FIND(";",I11,1)+1)-FIND(";",I11,1)-1)) -> 0.2846 | ... U26: =_xlfn.NUMBERVALUE(MID(U11,FIND(";",U11,1)+1,FIND(";",U11,FIND(";",U11,1)+1)-FIND(";",U11,1)-1)) -> 0.251
A27: Subjective Norm | B27: =_xlfn.NUMBERVALUE(MID(B12,FIND(";",B12,1)+1,FIND(";",B12,FIND(";",B12,1)+1)-FIND(";",B12,1)-1)) -> 0.2846 | C27: =_xlfn.NUMBERVALUE(MID(C12,FIND(";",C12,1)+1,FIND(";",C12,FIND(";",C12,1)+1)-FIND(";",C12,1)-1)) -> 0.3347 | D27: =_xlfn.NUMBERVALUE(MID(D12,FIND(";",D12,1)+1,FIND(";",D12,FIND(";",D12,1)+1)-FIND(";",D12,1)-1)) -> 0.3347 | E27: =_xlfn.NUMBERVALUE(MID(E12,FIND(";",E12,1)+1,FIND(";",E12,FIND(";",E12,1)+1)-FIND(";",E12,1)-1)) -> 0.2121 | F27: =_xlfn.NUMBERVALUE(MID(F12,FIND(";",F12,1)+1,FIND(";",F12,FIND(";",F12,1)+1)-FIND(";",F12,1)-1)) -> 0.2846 | G27: =_xlfn.NUMBERVALUE(MID(G12,FIND(";",G12,1)+1,FIND(";",G12,FIND(";",G12,1)+1)-FIND(";",G12,1)-1)) -> 0.3795 | H27: =_xlfn.NUMBERVALUE(MID(H12,FIND(";",H12,1)+1,FIND(";",H12,FIND(";",H12,1)+1)-FIND(";",H12,1)-1)) -> 0.1095 | I27: =_xlfn.NUMBERVALUE(MID(I12,FIND(";",I12,1)+1,FIND(";",I12,FIND(";",I12,1)+1)-FIND(";",I12,1)-1)) -> 0.251 | ... U27: =_xlfn.NUMBERVALUE(MID(U12,FIND(";",U12,1)+1,FIND(";",U12,FIND(";",U12,1)+1)-FIND(";",U12,1)-1)) -> 0.1897
A28: Price-quality Inference | B28: =_xlfn.NUMBERVALUE(MID(B13,FIND(";",B13,1)+1,FIND(";",B13,FIND(";",B13,1)+1)-FIND(";",B13,1)-1)) -> 0.2846 | C28: =_xlfn.NUMBERVALUE(MID(C13,FIND(";",C13,1)+1,FIND(";",C13,FIND(";",C13,1)+1)-FIND(";",C13,1)-1)) -> 0.1897 | D28: =_xlfn.NUMBERVALUE(MID(D13,FIND(";",D13,1)+1,FIND(";",D13,FIND(";",D13,1)+1)-FIND(";",D13,1)-1)) -> 0.3795 | E28: =_xlfn.NUMBERVALUE(MID(E13,FIND(";",E13,1)+1,FIND(";",E13,FIND(";",E13,1)+1)-FIND(";",E13,1)-1)) -> 0.3347 | F28: =_xlfn.NUMBERVALUE(MID(F13,FIND(";",F13,1)+1,FIND(";",F13,FIND(";",F13,1)+1)-FIND(";",F13,1)-1)) -> 0.1673 | G28: =_xlfn.NUMBERVALUE(MID(G13,FIND(";",G13,1)+1,FIND(";",G13,FIND(";",G13,1)+1)-FIND(";",G13,1)-1)) -> 0.3795 | H28: =_xlfn.NUMBERVALUE(MID(H13,FIND(";",H13,1)+1,FIND(";",H13,FIND(";",H13,1)+1)-FIND(";",H13,1)-1)) -> 0.251 | I28: =_xlfn.NUMBERVALUE(MID(I13,FIND(";",I13,1)+1,FIND(";",I13,FIND(";",I13,1)+1)-FIND(";",I13,1)-1)) -> 0.1095 | ... U28: =_xlfn.NUMBERVALUE(MID(U13,FIND(";",U13,1)+1,FIND(";",U13,FIND(";",U13,1)+1)-FIND(";",U13,1)-1)) -> 0.1673
A29: Ethical Concern | B29: =_xlfn.NUMBERVALUE(MID(B14,FIND(";",B14,1)+1,FIND(";",B14,FIND(";",B14,1)+1)-FIND(";",B14,1)-1)) -> 0.2846 | C29: =_xlfn.NUMBERVALUE(MID(C14,FIND(";",C14,1)+1,FIND(";",C14,FIND(";",C14,1)+1)-FIND(";",C14,1)-1)) -> 0.2121 | D29: =_xlfn.NUMBERVALUE(MID(D14,FIND(";",D14,1)+1,FIND(";",D14,FIND(";",D14,1)+1)-FIND(";",D14,1)-1)) -> 0.1897 | E29: =_xlfn.NUMBERVALUE(MID(E14,FIND(";",E14,1)+1,FIND(";",E14,FIND(";",E14,1)+1)-FIND(";",E14,1)-1)) -> 0.2846 | F29: =_xlfn.NUMBERVALUE(MID(F14,FIND(";",F14,1)+1,FIND(";",F14,FIND(";",F14,1)+1)-FIND(";",F14,1)-1)) -> 0.3795 | G29: =_xlfn.NUMBERVALUE(MID(G14,FIND(";",G14,1)+1,FIND(";",G14,FIND(";",G14,1)+1)-FIND(";",G14,1)-1)) -> 0.1414 | H29: =_xlfn.NUMBERVALUE(MID(H14,FIND(";",H14,1)+1,FIND(";",H14,FIND(";",H14,1)+1)-FIND(";",H14,1)-1)) -> 0.3795 | I29: =_xlfn.NUMBERVALUE(MID(I14,FIND(";",I14,1)+1,FIND(";",I14,FIND(";",I14,1)+1)-FIND(";",I14,1)-1)) -> 0.2846 | ... U29: =_xlfn.NUMBERVALUE(MID(U14,FIND(";",U14,1)+1,FIND(";",U14,FIND(";",U14,1)+1)-FIND(";",U14,1)-1)) -> 0.2846
A30: Product Evaluation | B30: =_xlfn.NUMBERVALUE(MID(B15,FIND(";",B15,1)+1,FIND(";",B15,FIND(";",B15,1)+1)-FIND(";",B15,1)-1)) -> 0.2846 | C30: =_xlfn.NUMBERVALUE(MID(C15,FIND(";",C15,1)+1,FIND(";",C15,FIND(";",C15,1)+1)-FIND(";",C15,1)-1)) -> 0.2846 | D30: =_xlfn.NUMBERVALUE(MID(D15,FIND(";",D15,1)+1,FIND(";",D15,FIND(";",D15,1)+1)-FIND(";",D15,1)-1)) -> 0.1673 | E30: =_xlfn.NUMBERVALUE(MID(E15,FIND(";",E15,1)+1,FIND(";",E15,FIND(";",E15,1)+1)-FIND(";",E15,1)-1)) -> 0.3347 | F30: =_xlfn.NUMBERVALUE(MID(F15,FIND(";",F15,1)+1,FIND(";",F15,FIND(";",F15,1)+1)-FIND(";",F15,1)-1)) -> 0.2846 | G30: =_xlfn.NUMBERVALUE(MID(G15,FIND(";",G15,1)+1,FIND(";",G15,FIND(";",G15,1)+1)-FIND(";",G15,1)-1)) -> 0.251 | H30: =_xlfn.NUMBERVALUE(MID(H15,FIND(";",H15,1)+1,FIND(";",H15,FIND(";",H15,1)+1)-FIND(";",H15,1)-1)) -> 0.3795 | I30: =_xlfn.NUMBERVALUE(MID(I15,FIND(";",I15,1)+1,FIND(";",I15,FIND(";",I15,1)+1)-FIND(";",I15,1)-1)) -> 0.3347 | ... U30: =_xlfn.NUMBERVALUE(MID(U15,FIND(";",U15,1)+1,FIND(";",U15,FIND(";",U15,1)+1)-FIND(";",U15,1)-1)) -> 0.3347
A32: U | B32: 1 | C32: 2 | D32: 3 | E32: 4 | F32: 5 | G32: 6 | H32: 7 | I32: 8 | J32: 9 | K32: 10 | L32: 11 | M32: 12 | N32: 13 | O32: 14 | P32: 15 | Q32: 16 | R32: 17 | S32: 18 | T32: 19 | U32: 20
A33: Intergrity | B33: =_xlfn.NUMBERVALUE(MID(B11,FIND(";",B11,FIND(";",B11,1)+1)+1, LEN(B11)-FIND(";",B11,FIND(";",B11,1)+1)-1)) -> 0.3795 | C33: =_xlfn.NUMBERVALUE(MID(C11,FIND(";",C11,FIND(";",C11,1)+1)+1, LEN(C11)-FIND(";",C11,FIND(";",C11,1)+1)-1)) -> 0.3795 | D33: =_xlfn.NUMBERVALUE(MID(D11,FIND(";",D11,FIND(";",D11,1)+1)+1, LEN(D11)-FIND(";",D11,FIND(";",D11,1)+1)-1)) -> 0.3347 | E33: =_xlfn.NUMBERVALUE(MID(E11,FIND(";",E11,FIND(";",E11,1)+1)+1, LEN(E11)-FIND(";",E11,FIND(";",E11,1)+1)-1)) -> 0.251 | F33: =_xlfn.NUMBERVALUE(MID(F11,FIND(";",F11,FIND(";",F11,1)+1)+1, LEN(F11)-FIND(";",F11,FIND(";",F11,1)+1)-1)) -> 0.251 | G33: =_xlfn.NUMBERVALUE(MID(G11,FIND(";",G11,FIND(";",G11,1)+1)+1, LEN(G11)-FIND(";",G11,FIND(";",G11,1)+1)-1)) -> 0.3795 | H33: =_xlfn.NUMBERVALUE(MID(H11,FIND(";",H11,FIND(";",H11,1)+1)+1, LEN(H11)-FIND(";",H11,FIND(";",H11,1)+1)-1)) -> 0.3347 | I33: =_xlfn.NUMBERVALUE(MID(I11,FIND(";",I11,FIND(";",I11,1)+1)+1, LEN(I11)-FIND(";",I11,FIND(";",I11,1)+1)-1)) -> 0.3795 | ... U33: =_xlfn.NUMBERVALUE(MID(U11,FIND(";",U11,FIND(";",U11,1)+1)+1, LEN(U11)-FIND(";",U11,FIND(";",U11,1)+1)-1)) -> 0.3347
A34: Subjective Norm | B34: =_xlfn.NUMBERVALUE(MID(B12,FIND(";",B12,FIND(";",B12,1)+1)+1, LEN(B12)-FIND(";",B12,FIND(";",B12,1)+1)-1)) -> 0.3795 | C34: =_xlfn.NUMBERVALUE(MID(C12,FIND(";",C12,FIND(";",C12,1)+1)+1, LEN(C12)-FIND(";",C12,FIND(";",C12,1)+1)-1)) -> 0.3347 | D34: =_xlfn.NUMBERVALUE(MID(D12,FIND(";",D12,FIND(";",D12,1)+1)+1, LEN(D12)-FIND(";",D12,FIND(";",D12,1)+1)-1)) -> 0.3347 | E34: =_xlfn.NUMBERVALUE(MID(E12,FIND(";",E12,FIND(";",E12,1)+1)+1, LEN(E12)-FIND(";",E12,FIND(";",E12,1)+1)-1)) -> 0.2828 | F34: =_xlfn.NUMBERVALUE(MID(F12,FIND(";",F12,FIND(";",F12,1)+1)+1, LEN(F12)-FIND(";",F12,FIND(";",F12,1)+1)-1)) -> 0.3795 | G34: =_xlfn.NUMBERVALUE(MID(G12,FIND(";",G12,FIND(";",G12,1)+1)+1, LEN(G12)-FIND(";",G12,FIND(";",G12,1)+1)-1)) -> 0.3795 | H34: =_xlfn.NUMBERVALUE(MID(H12,FIND(";",H12,FIND(";",H12,1)+1)+1, LEN(H12)-FIND(";",H12,FIND(";",H12,1)+1)-1)) -> 0.1643 | I34: =_xlfn.NUMBERVALUE(MID(I12,FIND(";",I12,FIND(";",I12,1)+1)+1, LEN(I12)-FIND(";",I12,FIND(";",I12,1)+1)-1)) -> 0.3347 | ... U34: =_xlfn.NUMBERVALUE(MID(U12,FIND(";",U12,FIND(";",U12,1)+1)+1, LEN(U12)-FIND(";",U12,FIND(";",U12,1)+1)-1)) -> 0.2846
A35: Price-quality Inference | B35: =_xlfn.NUMBERVALUE(MID(B13,FIND(";",B13,FIND(";",B13,1)+1)+1, LEN(B13)-FIND(";",B13,FIND(";",B13,1)+1)-1)) -> 0.3795 | C35: =_xlfn.NUMBERVALUE(MID(C13,FIND(";",C13,FIND(";",C13,1)+1)+1, LEN(C13)-FIND(";",C13,FIND(";",C13,1)+1)-1)) -> 0.2846 | D35: =_xlfn.NUMBERVALUE(MID(D13,FIND(";",D13,FIND(";",D13,1)+1)+1, LEN(D13)-FIND(";",D13,FIND(";",D13,1)+1)-1)) -> 0.3795 | E35: =_xlfn.NUMBERVALUE(MID(E13,FIND(";",E13,FIND(";",E13,1)+1)+1, LEN(E13)-FIND(";",E13,FIND(";",E13,1)+1)-1)) -> 0.3347 | F35: =_xlfn.NUMBERVALUE(MID(F13,FIND(";",F13,FIND(";",F13,1)+1)+1, LEN(F13)-FIND(";",F13,FIND(";",F13,1)+1)-1)) -> 0.251 | G35: =_xlfn.NUMBERVALUE(MID(G13,FIND(";",G13,FIND(";",G13,1)+1)+1, LEN(G13)-FIND(";",G13,FIND(";",G13,1)+1)-1)) -> 0.3795 | H35: =_xlfn.NUMBERVALUE(MID(H13,FIND(";",H13,FIND(";",H13,1)+1)+1, LEN(H13)-FIND(";",H13,FIND(";",H13,1)+1)-1)) -> 0.3347 | I35: =_xlfn.NUMBERVALUE(MID(I13,FIND(";",I13,FIND(";",I13,1)+1)+1, LEN(I13)-FIND(";",I13,FIND(";",I13,1)+1)-1)) -> 0.1643 | ... U35: =_xlfn.NUMBERVALUE(MID(U13,FIND(";",U13,FIND(";",U13,1)+1)+1, LEN(U13)-FIND(";",U13,FIND(";",U13,1)+1)-1)) -> 0.251
A36: Ethical Concern | B36: =_xlfn.NUMBERVALUE(MID(B14,FIND(";",B14,FIND(";",B14,1)+1)+1, LEN(B14)-FIND(";",B14,FIND(";",B14,1)+1)-1)) -> 0.3795 | C36: =_xlfn.NUMBERVALUE(MID(C14,FIND(";",C14,FIND(";",C14,1)+1)+1, LEN(C14)-FIND(";",C14,FIND(";",C14,1)+1)-1)) -> 0.2828 | D36: =_xlfn.NUMBERVALUE(MID(D14,FIND(";",D14,FIND(";",D14,1)+1)+1, LEN(D14)-FIND(";",D14,FIND(";",D14,1)+1)-1)) -> 0.2846 | E36: =_xlfn.NUMBERVALUE(MID(E14,FIND(";",E14,FIND(";",E14,1)+1)+1, LEN(E14)-FIND(";",E14,FIND(";",E14,1)+1)-1)) -> 0.3795 | F36: =_xlfn.NUMBERVALUE(MID(F14,FIND(";",F14,FIND(";",F14,1)+1)+1, LEN(F14)-FIND(";",F14,FIND(";",F14,1)+1)-1)) -> 0.3795 | G36: =_xlfn.NUMBERVALUE(MID(G14,FIND(";",G14,FIND(";",G14,1)+1)+1, LEN(G14)-FIND(";",G14,FIND(";",G14,1)+1)-1)) -> 0.2121 | H36: =_xlfn.NUMBERVALUE(MID(H14,FIND(";",H14,FIND(";",H14,1)+1)+1, LEN(H14)-FIND(";",H14,FIND(";",H14,1)+1)-1)) -> 0.3795 | I36: =_xlfn.NUMBERVALUE(MID(I14,FIND(";",I14,FIND(";",I14,1)+1)+1, LEN(I14)-FIND(";",I14,FIND(";",I14,1)+1)-1)) -> 0.3795 | ... U36: =_xlfn.NUMBERVALUE(MID(U14,FIND(";",U14,FIND(";",U14,1)+1)+1, LEN(U14)-FIND(";",U14,FIND(";",U14,1)+1)-1)) -> 0.3795
A37: Product Evaluation | B37: =_xlfn.NUMBERVALUE(MID(B15,FIND(";",B15,FIND(";",B15,1)+1)+1, LEN(B15)-FIND(";",B15,FIND(";",B15,1)+1)-1)) -> 0.3795 | C37: =_xlfn.NUMBERVALUE(MID(C15,FIND(";",C15,FIND(";",C15,1)+1)+1, LEN(C15)-FIND(";",C15,FIND(";",C15,1)+1)-1)) -> 0.3795 | D37: =_xlfn.NUMBERVALUE(MID(D15,FIND(";",D15,FIND(";",D15,1)+1)+1, LEN(D15)-FIND(";",D15,FIND(";",D15,1)+1)-1)) -> 0.251 | E37: =_xlfn.NUMBERVALUE(MID(E15,FIND(";",E15,FIND(";",E15,1)+1)+1, LEN(E15)-FIND(";",E15,FIND(";",E15,1)+1)-1)) -> 0.3347 | F37: =_xlfn.NUMBERVALUE(MID(F15,FIND(";",F15,FIND(";",F15,1)+1)+1, LEN(F15)-FIND(";",F15,FIND(";",F15,1)+1)-1)) -> 0.3795 | G37: =_xlfn.NUMBERVALUE(MID(G15,FIND(";",G15,FIND(";",G15,1)+1)+1, LEN(G15)-FIND(";",G15,FIND(";",G15,1)+1)-1)) -> 0.3347 | H37: =_xlfn.NUMBERVALUE(MID(H15,FIND(";",H15,FIND(";",H15,1)+1)+1, LEN(H15)-FIND(";",H15,FIND(";",H15,1)+1)-1)) -> 0.3795 | I37: =_xlfn.NUMBERVALUE(MID(I15,FIND(";",I15,FIND(";",I15,1)+1)+1, LEN(I15)-FIND(";",I15,FIND(";",I15,1)+1)-1)) -> 0.3347 | ... U37: =_xlfn.NUMBERVALUE(MID(U15,FIND(";",U15,FIND(";",U15,1)+1)+1, LEN(U15)-FIND(";",U15,FIND(";",U15,1)+1)-1)) -> 0.3347
A40: Expert | B40: AGG | C40: Tv | D40: Dv | E40: Kv | F40: Validate
A41: Intergrity | B41: (0,0707; 0,2504; 0,3795) | C41: 0.31495 | D41: -0.01915 | E41: 0.1527 | F41: Accepted
A42: Subjective Norm | B42: (0,0548; 0,2537; 0,3795) | C42: 0.3166 | D42: -0.04465 | E42: 0.1471 | F42: Accepted
A43: Price-quality Inference | B43: (0; 0,2289; 0,3795) | C43: 0.3042 | D43: -0.11445 | E43: 0.1235 | F43: Accepted
A44: Ethical Concern | B44: (0,0707; 0,255; 0,3795) | C44: 0.31725 | D44: -0.02145 | E44: 0.1533 | F44: Accepted
A45: Product Evaluation | B45: (0,0837; 0,2631; 0,3795) | C45: 0.3213 | D45: -0.006 | E45: 0.1592 | F45: Accepted
